--
-- PostgreSQL database dump
--

-- Dumped from database version 17.5
-- Dumped by pg_dump version 17.5

-- Started on 2025-08-04 01:11:01 UTC

SET statement_timeout = 0;
SET lock_timeout = 0;
SET idle_in_transaction_session_timeout = 0;
SET transaction_timeout = 0;
SET client_encoding = 'UTF8';
SET standard_conforming_strings = on;
SELECT pg_catalog.set_config('search_path', '', false);
SET check_function_bodies = false;
SET xmloption = content;
SET client_min_messages = warning;
SET row_security = off;

--
-- TOC entry 3458 (class 1262 OID 16388)
-- Name: ntt_bank; Type: DATABASE; Schema: -; Owner: postgres
--

CREATE DATABASE ntt_bank WITH TEMPLATE = template0 ENCODING = 'UTF8' LOCALE_PROVIDER = libc LOCALE = 'en_US.utf8';


ALTER DATABASE ntt_bank OWNER TO postgres;

\connect ntt_bank

SET statement_timeout = 0;
SET lock_timeout = 0;
SET idle_in_transaction_session_timeout = 0;
SET transaction_timeout = 0;
SET client_encoding = 'UTF8';
SET standard_conforming_strings = on;
SELECT pg_catalog.set_config('search_path', '', false);
SET check_function_bodies = false;
SET xmloption = content;
SET client_min_messages = warning;
SET row_security = off;

SET default_tablespace = '';

SET default_table_access_method = heap;

--
-- TOC entry 221 (class 1259 OID 16459)
-- Name: client; Type: TABLE; Schema: public; Owner: postgres
--

CREATE TABLE public.client (
    client_id character varying(255),
    password character varying(255),
    status boolean,
    id bigint NOT NULL
);


ALTER TABLE public.client OWNER TO postgres;

--
-- TOC entry 218 (class 1259 OID 16437)
-- Name: account; Type: TABLE; Schema: public; Owner: postgres
--

CREATE TABLE public.account (
    id bigint NOT NULL,
    client_ref bigint,
    status boolean,
    num_account bigint,
    initial_funds numeric(38,2),
    type_account character varying(255)
);


ALTER TABLE public.account OWNER TO postgres;

--
-- TOC entry 217 (class 1259 OID 16436)
-- Name: account_id_seq; Type: SEQUENCE; Schema: public; Owner: postgres
--

ALTER TABLE public.account ALTER COLUMN id ADD GENERATED BY DEFAULT AS IDENTITY (
    SEQUENCE NAME public.account_id_seq
    START WITH 1
    INCREMENT BY 1
    NO MINVALUE
    NO MAXVALUE
    CACHE 1
);


--
-- TOC entry 220 (class 1259 OID 16443)
-- Name: transaction; Type: TABLE; Schema: public; Owner: postgres
--

CREATE TABLE public.transaction (
    id bigint NOT NULL,
    'date' date,
    balance numeric(38,2),
    type_transaction character varying(255),
    uuid character varying(255),
    'value' numeric(38,2),
    account_transaction bigint
);


ALTER TABLE public.transaction OWNER TO postgres;

--
-- TOC entry 219 (class 1259 OID 16442)
-- Name: transaction_id_seq; Type: SEQUENCE; Schema: public; Owner: postgres
--

ALTER TABLE public.transaction ALTER COLUMN id ADD GENERATED BY DEFAULT AS IDENTITY (
    SEQUENCE NAME public.transaction_id_seq
    START WITH 1
    INCREMENT BY 1
    NO MINVALUE
    NO MAXVALUE
    CACHE 1
);


--
-- TOC entry 223 (class 1259 OID 16467)
-- Name: person; Type: TABLE; Schema: public; Owner: postgres
--

CREATE TABLE public.person (
    id bigint NOT NULL,
    address character varying(255),
    age integer,
    gender character varying(255),
    idNumber character varying(255),
    name character varying(255),
    phne character varying(255)
);


ALTER TABLE public.person OWNER TO postgres;

--
-- TOC entry 222 (class 1259 OID 16466)
-- Name: person_id_seq; Type: SEQUENCE; Schema: public; Owner: postgres
--

ALTER TABLE public.person ALTER COLUMN id ADD GENERATED BY DEFAULT AS IDENTITY (
    SEQUENCE NAME public.person_id_seq
    START WITH 1
    INCREMENT BY 1
    NO MINVALUE
    NO MAXVALUE
    CACHE 1
);


--
-- TOC entry 3450 (class 0 OID 16459)
-- Dependencies: 221
-- Data for Name: client; Type: TABLE DATA; Schema: public; Owner: postgres
--

INSERT INTO public.client VALUES ('0bafa33b-8dce-47a0-bf10-55ca04a53291', 'ntttest', true, 2);
INSERT INTO public.client VALUES ('387a72f1-8eaf-40ea-8469-7634b14c1fe4', 'ntttest', true, 3);
INSERT INTO public.client VALUES ('cab2e580-c3ad-43a1-a066-347135335335', 'ntttest', true, 4);


--
-- TOC entry 3447 (class 0 OID 16437)
-- Dependencies: 218
-- Data for Name: account; Type: TABLE DATA; Schema: public; Owner: postgres
--

INSERT INTO public.account VALUES (7, 2, true, 1552224568, 2200.00, 'Corriente');
INSERT INTO public.account VALUES (8, 3, true, 5554788964, 3500.00, 'Ahorros');
INSERT INTO public.account VALUES (12, 3, true, 22221566789, 1400.00, 'Corriente');
INSERT INTO public.account VALUES (13, 4, true, 666744514567, 320.00, 'Ahorros');
INSERT INTO public.account VALUES (14, 4, true, 222211564, 750.00, 'Corriente');


--
-- TOC entry 3449 (class 0 OID 16443)
-- Dependencies: 220
-- Data for Name: transaction; Type: TABLE DATA; Schema: public; Owner: postgres
--

INSERT INTO public.transaction VALUES (7, '2025-08-03', 2000.00, 'Deposito', '4e1feb09-fba1-442e-a129-a3134a9e908d', 1000.00, 7);
INSERT INTO public.transaction VALUES (8, '2025-08-04', 1950.00, 'Retiro', '10a442b0-eb80-4e91-b7e7-a50ff8dfdafa', -50.00, 7);
INSERT INTO public.transaction VALUES (9, '2025-08-05', 1450.00, 'Retiro', 'f3483d9a-1f2c-4275-bb08-fae7d0a18e16', -500.00, 7);
INSERT INTO public.transaction VALUES (10, '2025-08-06', 2200.00, 'Deposito', '751a819f-e392-4a1c-8f01-e04abfe9e38f', 750.00, 7);
INSERT INTO public.transaction VALUES (11, '2025-08-03', 2850.00, 'Retiro', '03ad4b62-e156-4524-b44a-34c707965e0b', -150.00, 8);
INSERT INTO public.transaction VALUES (12, '2025-08-10', 3100.00, 'Deposito', '244fb8ea-33be-464b-94b6-29bb07764a59', 250.00, 8);
INSERT INTO public.transaction VALUES (13, '2025-08-11', 3000.00, 'Retiro', '0015984f-3548-4022-b4db-46f46c8315c5', -100.00, 8);
INSERT INTO public.transaction VALUES (14, '2025-08-12', 3500.00, 'Deposito', '4ef222cf-c308-4031-ab45-d7085b09f313', 500.00, 8);
INSERT INTO public.transaction VALUES (15, '2025-08-07', 1200.00, 'Retiro', '965e940a-b77a-43e5-8960-efa712292258', -300.00, 12);
INSERT INTO public.transaction VALUES (16, '2025-08-08', 1300.00, 'Deposito', '1a075823-126f-4920-9d4d-f9d18a4f5f8b', 100.00, 12);
INSERT INTO public.transaction VALUES (17, '2025-08-09', 1450.00, 'Deposito', '9c12e9ad-9cde-4e2c-ab18-1def84dced92', 150.00, 12);
INSERT INTO public.transaction VALUES (18, '2025-08-10', 1400.00, 'Retiro', 'e56dccc4-f66d-4952-88a3-20c27e49f6b6', -50.00, 12);
INSERT INTO public.transaction VALUES (19, '2025-08-08', 30.00, 'Retiro', '4706b2fc-fd38-44bd-b09f-7c22420e1f5a', -70.00, 13);
INSERT INTO public.transaction VALUES (20, '2025-08-09', 180.00, 'Deposito', '2ac56737-0ea0-47ad-8e25-c9e9cfd176cf', 150.00, 13);
INSERT INTO public.transaction VALUES (21, '2025-08-10', 100.00, 'Retiro', '21676cc7-9779-4d99-ba5f-71ce0e761aa5', -80.00, 13);
INSERT INTO public.transaction VALUES (22, '2025-08-11', 20.00, 'Retiro', '82f2dec3-002c-4db5-b6a4-5a958360511b', -80.00, 13);
INSERT INTO public.transaction VALUES (23, '2025-08-11', 320.00, 'Deposito', '44edc3c0-743e-4ba1-9e35-7f0600ff3728', 300.00, 13);
INSERT INTO public.transaction VALUES (24, '2025-08-08', 50.00, 'Retiro', '1d2660b7-9019-4afd-a446-00fcd586caba', -250.00, 14);
INSERT INTO public.transaction VALUES (25, '2025-08-09', 550.00, 'Deposito', 'fcd1d50a-a6a1-42c4-87bf-659bb1f10c22', 500.00, 14);
INSERT INTO public.transaction VALUES (26, '2025-08-10', 1300.00, 'Deposito', '86efdb62-b77f-472b-9ddb-98055b225ff7', 750.00, 14);
INSERT INTO public.transaction VALUES (27, '2025-08-11', 750.00, 'Retiro', 'f77840aa-8e3c-4c35-88f6-660fc6559924', -550.00, 14);


--
-- TOC entry 3452 (class 0 OID 16467)
-- Dependencies: 223
-- Data for Name: person; Type: TABLE DATA; Schema: public; Owner: postgres
--

INSERT INTO public.person VALUES (2, 'Amazonas y NNUU', 30, 'masculino', '1725082786', 'Victor Jimenez', '0984565509');
INSERT INTO public.person VALUES (3, 'Jorge Ramirez y Mario Rodas', 22, 'masculino', '11124458974', 'Juan Coello', '2221445789');
INSERT INTO public.person VALUES (4, 'Camila Arteaga y José Peralta', 33, 'femenino', '11144556323', 'Sabrina Davila', '6667779546');


--
-- TOC entry 3459 (class 0 OID 0)
-- Dependencies: 217
-- Name: account_id_seq; Type: SEQUENCE SET; Schema: public; Owner: postgres
--

SELECT pg_catalog.setval('public.account_id_seq', 14, true);


--
-- TOC entry 3460 (class 0 OID 0)
-- Dependencies: 219
-- Name: transaction_id_seq; Type: SEQUENCE SET; Schema: public; Owner: postgres
--

SELECT pg_catalog.setval('public.transaction_id_seq', 27, true);


--
-- TOC entry 3461 (class 0 OID 0)
-- Dependencies: 222
-- Name: person_id_seq; Type: SEQUENCE SET; Schema: public; Owner: postgres
--

SELECT pg_catalog.setval('public.person_id_seq', 4, true);


--
-- TOC entry 3292 (class 2606 OID 16465)
-- Name: client client_pkey; Type: CONSTRAINT; Schema: public; Owner: postgres
--

ALTER TABLE ONLY public.client
    ADD CONSTRAINT client_pkey PRIMARY KEY (id);


--
-- TOC entry 3286 (class 2606 OID 16441)
-- Name: account account_pkey; Type: CONSTRAINT; Schema: public; Owner: postgres
--

ALTER TABLE ONLY public.account
    ADD CONSTRAINT account_pkey PRIMARY KEY (id);


--
-- TOC entry 3290 (class 2606 OID 16449)
-- Name: transaction transaction_pkey; Type: CONSTRAINT; Schema: public; Owner: postgres
--

ALTER TABLE ONLY public.transaction
    ADD CONSTRAINT transaction_pkey PRIMARY KEY (id);


--
-- TOC entry 3296 (class 2606 OID 16473)
-- Name: person person_pkey; Type: CONSTRAINT; Schema: public; Owner: postgres
--

ALTER TABLE ONLY public.person
    ADD CONSTRAINT person_pkey PRIMARY KEY (id);


--
-- TOC entry 3294 (class 2606 OID 16475)
-- Name: client ukkou3iuyp26clwwj9m5d0e6t0l; Type: CONSTRAINT; Schema: public; Owner: postgres
--

ALTER TABLE ONLY public.client
    ADD CONSTRAINT ukkou3iuyp26clwwj9m5d0e6t0l UNIQUE (client_id);


--
-- TOC entry 3288 (class 2606 OID 16453)
-- Name: account ukn106vdgjiivvhg0vilxnfvk2s; Type: CONSTRAINT; Schema: public; Owner: postgres
--

ALTER TABLE ONLY public.account
    ADD CONSTRAINT ukn106vdgjiivvhg0vilxnfvk2s UNIQUE (num_account);


--
-- TOC entry 3298 (class 2606 OID 16477)
-- Name: person ukr5vsms84ih2viwd6tatk9o5pq; Type: CONSTRAINT; Schema: public; Owner: postgres
--

ALTER TABLE ONLY public.person
    ADD CONSTRAINT ukr5vsms84ih2viwd6tatk9o5pq UNIQUE (identificacion);


--
-- TOC entry 3299 (class 2606 OID 16454)
-- Name: transaction fk63txaglddp738qnb5uhtd1a4w; Type: FK CONSTRAINT; Schema: public; Owner: postgres
--

ALTER TABLE ONLY public.transaction
    ADD CONSTRAINT fk63txaglddp738qnb5uhtd1a4w FOREIGN KEY (account_transaction) REFERENCES public.account(id);


--
-- TOC entry 3300 (class 2606 OID 16478)
-- Name: client fkkpvkbjg32bso6riqge70hwcel; Type: FK CONSTRAINT; Schema: public; Owner: postgres
--

ALTER TABLE ONLY public.client
    ADD CONSTRAINT fkkpvkbjg32bso6riqge70hwcel FOREIGN KEY (id) REFERENCES public.person(id);


-- Completed on 2025-08-04 01:11:01 UTC

--
-- PostgreSQL database dump complete
--
